{
    "connector.class": "io.confluent.connect.s3.S3SinkConnector",
    "tasks.max": "1",
    "topics": "genesispostgres.public.member,genesispostgres.public.member_eligibility,genesispostgres.public.sponsor,genesispostgres.public.sponsor_settings",
    "s3.region": "us-east-1",
    "s3.bucket.name": "kafkabucket",
    "aws.accessKeyId": "access",
    "aws.secretKey": "secret",
    "data.format": "AVRO",
    "s3.part.size": "5242880",
    "flush.size": "10",
    "storage.class": "io.confluent.connect.s3.storage.S3Storage",
    "format.class": "io.confluent.connect.s3.format.parquet.ParquetFormat",
    "key.converter": "io.confluent.connect.avro.AvroConverter",
    "value.converter": "io.confluent.connect.avro.AvroConverter",
    "key.converter.schema.registry.url": "http://schema-registry:8081",
    "value.converter.schema.registry.url": "http://schema-registry:8081",
    "partitioner.class": "io.confluent.connect.storage.partitioner.DefaultPartitioner",
    "s3.proxy.url":"http://localstack:4572"
}